<?xml version="1.0" encoding="UTF-8"?>
        <!-- Generated by eXe - http://exelearning.net -->
        <manifest identifier="eXepaginaaaa65f96cbc28486a39331"
        xmlns="http://www.imsglobal.org/xsd/imscp_v1p1"
        xmlns:imsmd="http://www.imsglobal.org/xsd/imsmd_v1p2"
        xmlns:xsi="http://www.w3.org/2001/XMLSchema-instance"
        xmlns:lom="http://ltsc.ieee.org/xsd/LOM"
        xmlns:adlcp="http://www.adlnet.org/xsd/adlcp_rootv1p2"
        
 xsi:schemaLocation="http://www.imsglobal.org/xsd/imscp_v1p1 imscp_v1p1.xsd http://www.imsglobal.org/xsd/imsmd_v1p2 imsmd_v1p2p2.xsd"> 
<metadata> 
 <schema>IMS Content</schema> 
 <schemaversion>1.1.3</schemaversion> 
 <lom:lom><lom:general uniqueElementName="general"><lom:identifier><lom:catalog uniqueElementName="catalog">My Catalog</lom:catalog><lom:entry uniqueElementName="entry">4a7d755e-34a5-410a-a7d4-601881136623</lom:entry></lom:identifier><lom:title><lom:string language="es">El Verbo</lom:string></lom:title><lom:language>es</lom:language><lom:description><lom:string language="es">En esta pagina vas a aprender lo básico del verbo</lom:string></lom:description><lom:aggregationLevel uniqueElementName="aggregationLevel"><lom:source uniqueElementName="source">LOM-ESv1.0</lom:source><lom:value uniqueElementName="value">2</lom:value></lom:aggregationLevel></lom:general><lom:lifeCycle><lom:contribute><lom:role uniqueElementName="role"><lom:source uniqueElementName="source">LOM-ESv1.0</lom:source><lom:value uniqueElementName="value">author</lom:value></lom:role><lom:entity>BEGIN:VCARD VERSION:3.0 FN:Rolando Sánchez Montecer EMAIL;TYPE=INTERNET: ORG: END:VCARD</lom:entity><lom:date><lom:dateTime uniqueElementName="dateTime">2024-10-27T12:40:44.00-05:00</lom:dateTime><lom:description><lom:string language="es">Fecha de creación de los metadatos</lom:string></lom:description></lom:date></lom:contribute></lom:lifeCycle><lom:metaMetadata uniqueElementName="metaMetadata"><lom:contribute><lom:role uniqueElementName="role"><lom:source uniqueElementName="source">LOM-ESv1.0</lom:source><lom:value uniqueElementName="value">creator</lom:value></lom:role><lom:entity>BEGIN:VCARD VERSION:3.0 FN:Rolando Sánchez Montecer EMAIL;TYPE=INTERNET: ORG: END:VCARD</lom:entity><lom:date><lom:dateTime uniqueElementName="dateTime">2024-10-22T11:30:53.00-05:00</lom:dateTime><lom:description><lom:string language="es">Fecha de creación de los metadatos</lom:string></lom:description></lom:date></lom:contribute><lom:metadataSchema>LOM-ESv1.0</lom:metadataSchema><lom:language>es</lom:language></lom:metaMetadata><lom:technical uniqueElementName="technical"><lom:otherPlatformRequirements><lom:string language="es">editor: eXe Learning</lom:string></lom:otherPlatformRequirements></lom:technical><lom:educational><lom:language>es</lom:language></lom:educational><lom:rights uniqueElementName="rights"><lom:copyrightAndOtherRestrictions uniqueElementName="copyrightAndOtherRestrictions"><lom:source uniqueElementName="source">LOM-ESv1.0</lom:source><lom:value uniqueElementName="value">creative commons: attribution - share alike</lom:value></lom:copyrightAndOtherRestrictions><lom:access uniqueElementName="access"><lom:accessType uniqueElementName="accessType"><lom:source uniqueElementName="source">LOM-ESv1.0</lom:source><lom:value uniqueElementName="value">universal</lom:value></lom:accessType><lom:description><lom:string language="en">Default</lom:string></lom:description></lom:access></lom:rights></lom:lom>
</metadata> 
<organizations default="eXepaginaaaa65f96cbc28486a39332">  
<organization identifier="eXepaginaaaa65f96cbc28486a39332" structure="hierarchical">  
<title>El Verbo</title>
<item identifier="ITEM-eXepaginaaaa65f96cbc28486a39343" isvisible="true" identifierref="RES-eXepaginaaaa65f96cbc28486a39344">
    <title>El Verbo</title>
<item identifier="ITEM-eXepaginaaaa65f96cbc28486a39355" isvisible="true" identifierref="RES-eXepaginaaaa65f96cbc28486a39356">
    <title>Introducción Del Verbo</title>
<item identifier="ITEM-eXepaginaaaa65f96cbc28486a39357" isvisible="true" identifierref="RES-eXepaginaaaa65f96cbc28486a39358">
    <title>Video Explicativo</title>
</item>
<item identifier="ITEM-eXepaginaaaa65f96cbc28486a39359" isvisible="true" identifierref="RES-eXepaginaaaa65f96cbc28486a3935a">
    <title>Ejercicio 1: Sopa De Letras</title>
</item>
</item>
<item identifier="ITEM-eXepaginaaaa65f96cbc28486a3935b" isvisible="true" identifierref="RES-eXepaginaaaa65f96cbc28486a3935c">
    <title>Uso del Verbo</title>
</item>
<item identifier="ITEM-eXepaginaaaa65f96cbc28486a3936d" isvisible="true" identifierref="RES-eXepaginaaaa65f96cbc28486a3936e">
    <title>Conjugación Del Verbo</title>
<item identifier="ITEM-eXepaginaaaa65f96cbc28486a3937f" isvisible="true" identifierref="RES-eXepaginaaaa65f96cbc28486a393710">
    <title>Video Explicativo</title>
</item>
<item identifier="ITEM-eXepaginaaaa65f96cbc28486a393711" isvisible="true" identifierref="RES-eXepaginaaaa65f96cbc28486a393712">
    <title>Taller 3</title>
</item>
</item>
<item identifier="ITEM-eXepaginaaaa65f96cbc28486a393813" isvisible="true" identifierref="RES-eXepaginaaaa65f96cbc28486a393814">
    <title>fin de la lección</title>
</item>
</item>
</organization>
</organizations>
<resources>
<resource identifier="RES-eXepaginaaaa65f96cbc28486a39344" type="webcontent"  adlcp:scormtype="sco" href="index.html"> 
 <file href="index.html"/>
    <file href="Captura_de_pantalla_2024-10-20_160539.png"/>
<dependency identifierref="COMMON_FILES" /></resource>
<resource identifier="RES-eXepaginaaaa65f96cbc28486a39356" type="webcontent"  adlcp:scormtype="sco" href="introduccin_del_verbo.html"> 
 <file href="introduccin_del_verbo.html"/>
    <file href="Captura_de_pantalla_2024-10-22_114943.png"/>
<dependency identifierref="COMMON_FILES" /></resource>
<resource identifier="RES-eXepaginaaaa65f96cbc28486a39358" type="webcontent"  adlcp:scormtype="sco" href="video_explicativo.html"> 
 <file href="video_explicativo.html"/>
<dependency identifierref="COMMON_FILES" /></resource>
<resource identifier="RES-eXepaginaaaa65f96cbc28486a3935a" type="webcontent"  adlcp:scormtype="sco" href="ejercicio_1_sopa_de_letras.html"> 
 <file href="ejercicio_1_sopa_de_letras.html"/>
    <file href="Captura_de_pantalla_2024-10-22_120649.png"/>
<dependency identifierref="COMMON_FILES" /></resource>
<resource identifier="RES-eXepaginaaaa65f96cbc28486a3935c" type="webcontent"  adlcp:scormtype="sco" href="uso_del_verbo.html"> 
 <file href="uso_del_verbo.html"/>
<dependency identifierref="COMMON_FILES" /></resource>
<resource identifier="RES-eXepaginaaaa65f96cbc28486a3936e" type="webcontent"  adlcp:scormtype="sco" href="conjugacin_del_verbo.html"> 
 <file href="conjugacin_del_verbo.html"/>
<dependency identifierref="COMMON_FILES" /></resource>
<resource identifier="RES-eXepaginaaaa65f96cbc28486a393710" type="webcontent"  adlcp:scormtype="sco" href="video_explicativo0.html"> 
 <file href="video_explicativo0.html"/>
<dependency identifierref="COMMON_FILES" /></resource>
<resource identifier="RES-eXepaginaaaa65f96cbc28486a393712" type="webcontent"  adlcp:scormtype="sco" href="taller_3.html"> 
 <file href="taller_3.html"/>
    <file href="Captura_de_pantalla_2024-10-22_162236.png"/>
<dependency identifierref="COMMON_FILES" /></resource>
<resource identifier="RES-eXepaginaaaa65f96cbc28486a393814" type="webcontent"  adlcp:scormtype="sco" href="fin_de_la_leccin.html"> 
 <file href="fin_de_la_leccin.html"/>
<dependency identifierref="COMMON_FILES" /></resource>
  <resource identifier="COMMON_FILES" type="webcontent" adlcp:scormtype="asset">
    <file href="config.xml"/>
    <file href="content.css"/>
    <file href="EncodeSans-Light_latin-ext.woff2"/>
    <file href="EncodeSans-Light_latin.woff2"/>
    <file href="EncodeSans-Light_vietnamese.woff2"/>
    <file href="icon_atom.png"/>
    <file href="icon_award.png"/>
    <file href="icon_beach.png"/>
    <file href="icon_bulb.png"/>
    <file href="icon_camera.png"/>
    <file href="icon_classroom.png"/>
    <file href="icon_compass.png"/>
    <file href="icon_edia.png"/>
    <file href="icon_etwinning.png"/>
    <file href="icon_exe.png"/>
    <file href="icon_footprints.png"/>
    <file href="icon_free_license.png"/>
    <file href="icon_gears.png"/>
    <file href="icon_knowledge.png"/>
    <file href="icon_list.png"/>
    <file href="icon_microphone.png"/>
    <file href="icon_network.png"/>
    <file href="icon_plus.png"/>
    <file href="icon_presentation.png"/>
    <file href="icon_puzzle.png"/>
    <file href="icon_share.png"/>
    <file href="icon_stars.png"/>
    <file href="icon_talk.png"/>
    <file href="icon_teacher_screen.png"/>
    <file href="icon_telescope.png"/>
    <file href="icon_think.png"/>
    <file href="icon_tree.png"/>
    <file href="icon_write.png"/>
    <file href="nav.css"/>
    <file href="_intef_bg.png"/>
    <file href="_intef_footer.png"/>
    <file href="_intef_header.png"/>
    <file href="_intef_icons.png"/>
    <file href="_intef_js.js"/>
    <file href="_intef_left_column.gif"/>
    <file href="_intef_licenses.gif"/>
    <file href="_intef_menu.gif"/>
    <file href="_intef_print.png"/>
    <file href="_intef_title_bg.png"/>
    <file href="base.css"/>
    <file href="popup_bg.gif"/>
    <file href="exe_powered_logo.png"/>
    <file href="SCORM_API_wrapper.js"/>
    <file href="SCOFunctions.js"/>
    <file href="common.js"/>
    <file href="common_i18n.js"/>
    <file href="exe_jquery.js"/>
    <file href="content.xsd"/>
    <file href="content.data"/>
    <file href="contentv3.xml"/>
    <file href="imslrm.xml"/>
    <file href="exe_html5.js"/>
    <file href="imscp_v1p1.xsd"/>
    <file href="imsmd_v1p2p2.xsd"/>
    <file href="lom.xsd"/>
    <file href="lomCustom.xsd"/>
    <file href="ims_xml.xsd"/>
  </resource>
</resources>
</manifest>
